"First Name","Last Name","Email Address",Birthday,Anniversary,"Store Address","Store URL","Store Reservations","Store Phone","Store Facebook",MEMBER_RATING,OPTIN_TIME,OPTIN_IP,CONFIRM_TIME,CONFIRM_IP,LATITUDE,LONGITUDE,GMTOFF,DSTOFF,TIMEZONE,CC,REGION,CLEAN_TIME,CLEAN_CAMPAIGN_TITLE,CLEAN_CAMPAIGN_ID,LEID,EUID,NOTES,TAGS
,,davidguefen@perrysrestaurants.com,,,,,,,,1,"2023-12-15 13:56:39",,"2023-12-15 13:56:39",54.205.58.247,,,,,,,,"2023-12-18 16:52:26","VDA - 0008 Now Open Final",5c06ec0f07,562399190,72cc724dab,,"""contact"""
Test,test,Test1@gmail.com,10/10,10/10,,,,,,1,"2023-11-29 12:39:37",,"2023-11-29 12:39:37",74.213.53.234,29.7600000,'-95.5100000,'-6,'-5,America/Indiana/Knox,US,TX,"2023-12-18 16:52:21","VDA - 0008 Now Open Final",5c06ec0f07,562342554,ff04a7b470,,
Bernard,,elena.bernard@auctane.com,10/10,,,,,,,1,"2023-12-11 11:48:14",,"2023-12-11 11:48:14",,,,,,,,,"2023-12-18 16:52:22","VDA - 0008 Now Open Final",5c06ec0f07,562387222,569306f5d3,,
Valinoti,,albalinoti@hotmail.com,04/17,,,,,,,1,"2023-12-11 11:48:14",,"2023-12-11 11:48:14",,,,,,,,,"2023-12-18 17:01:33","VDA - 0008 Now Open Final",5c06ec0f07,562387218,acca6564f9,,
CrytoIcons,,bunnyboo@aol.com,11/17,,,,,,,1,"2023-12-11 11:48:15",,"2023-12-11 11:48:15",,,,,,,,,"2023-12-18 16:52:22","VDA - 0008 Now Open Final",5c06ec0f07,562387266,08778d7bf9,,
